Month,Value
January,31.951342718122053
February,31.16204297022239
March,32.098921518618376
April,30.93729037120784
May,31.436043481498025
June,32.86377176901925
July,34.2787933498834
August,36.58889556272994
September,38.627462664332796
October,38.27739814575407
November,35.87144251708343
December,32.72402821436786
